android,3545,63
Android-Bootstrap,21,0
Android-Universal-Image-Loader,1028,6
clojure,2638,2127
facebook-android-sdk,1755,44
NineOldAndroids,81,1
otto,98,0
PhotoView,156,2
NineOldAndroids,81,1
otto,98,0
XobotOS,0,0
Android-Bootstrap,21,0
processing-js,389,1701
facebook-android-sdk,1755,44
android-pulltorefresh,48,0
Android-ViewPagerIndicator,247,0
rootbeer1,1876,77
presto,12017,128
ActionBar-PullToRefresh,453,4
dagger,769,38
disruptor,1856,18
ActionBar-PullToRefresh_copy,460,4
androidquery,1178,18
GreenDroid,141,17
android-async-http,453,17
